ward_1,hh_number,head_gender,households_no,people_no,own_dogs,dog_no,dogs_vacc,fenced,fence_restrain,shelter,rabies_aware
Lelmokwo/Ngechek,1,female,2,5,no,,,,,,1
Lelmokwo/Ngechek,2,male,1,4,yes,4,1,yes,no,no,1
Lelmokwo/Ngechek,3,male,3,10,no,,,,,,0
Lelmokwo/Ngechek,4,female,1,2,no,,,,,,0
Lelmokwo/Ngechek,5,female,1,5,no,,,,,,1
Lelmokwo/Ngechek,6,female,1,5,yes,1,0,yes,no,no,0
Lelmokwo/Ngechek,7,male,1,8,yes,1,0,yes,no,no,1
Lelmokwo/Ngechek,8,female,2,11,yes,2,0,yes,no,no,1
Lelmokwo/Ngechek,9,male,1,6,no,,,,,,1
Lelmokwo/Ngechek,10,female,1,7,no,,,,,,1
Lelmokwo/Ngechek,11,male,1,5,yes,1,0,yes,no,no,1
Lelmokwo/Ngechek,12,female,1,5,yes,2,0,no,,no,1
Lelmokwo/Ngechek,13,female,1,7,no,,,,,,1
Lelmokwo/Ngechek,14,male,1,6,yes,1,0,yes,no,no,1
Lelmokwo/Ngechek,15,female,1,9,yes,4,0,no,,no,1
Lelmokwo/Ngechek,16,male,2,5,yes,2,1,yes,yes,no,0
Lelmokwo/Ngechek,17,female,1,2,no,,,,,,1
Lelmokwo/Ngechek,18,female,1,7,no,,,,,,1
Lelmokwo/Ngechek,19,male,1,8,yes,2,1,yes,no,no,1
Kabisaga,20,male,4,8,yes,3,1,no,,yes,1
Lelmokwo/Ngechek,21,female,1,4,yes,5,0,yes,no,no,0
Lelmokwo/Ngechek,22,male,1,7,no,,,,,,0
Kabisaga,23,male,3,18,yes,2,0,no,,no,1
Kabisaga,24,female,2,7,no,,,,,,1
Lelmokwo/Ngechek,25,male,4,11,yes,1,0,yes,no,yes,1
Lelmokwo/Ngechek,26,male,1,8,yes,1,1,yes,no,no,1
Lelmokwo/Ngechek,27,female,1,8,yes,4,0,yes,no,yes,1
Lelmokwo/Ngechek,28,male,1,9,yes,2,1,yes,no,yes,0
Kabisaga,29,male,3,12,yes,1,0,no,,no,1
Kabisaga,30,female,1,2,yes,1,1,yes,no,no,1
Lelmokwo/Ngechek,31,male,1,2,no,,,,,,1
Lelmokwo/Ngechek,32,male,1,4,no,,,,,,1
Ndalat,33,male,2,7,no,,,,,,1
Kabisaga,34,male,10,4,yes,4,1,no,,no,0
Lelmokwo/Ngechek,35,male,3,9,yes,3,1,yes,no,no,1
Kabisaga,36,male,3,6,yes,4,1,yes,yes,yes,1
Ndalat,37,female,6,4,yes,3,1,yes,no,no,1
Ndalat,38,male,1,4,no,,,,,,1
Lelmokwo/Ngechek,39,male,1,5,yes,3,1,yes,no,no,1
Ndalat,40,female,2,2,no,,,,,,1
Kabisaga,41,female,4,3,yes,3,0,yes,no,no,1
Kabisaga,42,male,2,14,yes,2,0,yes,no,no,1
Lelmokwo/Ngechek,43,male,1,5,yes,6,0,yes,no,yes,1
Ndalat,44,male,1,3,yes,1,0,yes,no,no,1
Kabisaga,45,male,1,5,no,,,,,,1
Ndalat,46,male,4,12,yes,4,1,yes,no,no,1
Lelmokwo/Ngechek,47,male,1,8,no,,,,,,1
Ndalat,48,male,3,6,yes,1,0,yes,no,no,1
Lelmokwo/Ngechek,49,female,1,4,yes,1,0,yes,no,yes,1
Kabisaga,50,male,1,5,yes,1,0,yes,no,no,1
Kabisaga,51,female,4,4,yes,1,0,yes,yes,no,1
Ndalat,52,male,1,6,yes,1,1,yes,no,no,1
Kabisaga,53,female,2,4,yes,1,1,no,,no,0
Lelmokwo/Ngechek,54,female,1,7,yes,3,1,yes,no,no,1
Ndalat,55,male,1,5,no,,,,,,1
Lelmokwo/Ngechek,56,male,1,7,yes,1,0,yes,no,yes,1
Kabisaga,57,female,3,8,no,,,,,,0
Ndalat,58,male,1,10,yes,1,0,yes,no,no,1
Kabisaga,59,female,1,6,no,,,,,,0
Ndalat,60,male,4,3,yes,1,1,yes,no,no,1
Lelmokwo/Ngechek,61,male,1,4,yes,4,0,yes,no,yes,1
Kabisaga,62,female,4,4,yes,1,0,yes,no,no,1
Kabisaga,63,female,1,3,no,,,,,,1
Lelmokwo/Ngechek,64,female,1,8,yes,2,0,yes,no,no,1
Ndalat,65,male,1,4,yes,1,0,yes,no,no,1
Ndalat,66,male,2,8,no,,,,,,1
Ndalat,67,female,2,4,no,,,,,,1
Kabisaga,68,male,2,8,no,,,,,,1
Lelmokwo/Ngechek,69,male,1,7,yes,4,1,yes,yes,yes,1
Ndalat,70,male,1,6,yes,3,0,yes,no,no,0
Kabisaga,71,male,5,5,yes,2,1,yes,no,no,1
Lelmokwo/Ngechek,72,female,1,4,no,,,,,,1
Ndalat,73,male,1,5,no,,,,,,1
Kabisaga,74,male,4,8,yes,2,0,yes,no,no,1
Lelmokwo/Ngechek,75,female,2,6,yes,2,0,yes,no,no,1
Lelmokwo/Ngechek,76,male,1,5,no,,,,,,1
Ndalat,77,male,3,5,yes,3,1,yes,no,no,1
Ndalat,78,female,2,9,yes,4,0,no,,no,1
Kabisaga,79,male,3,13,yes,1,0,no,,no,1
Ndalat,80,male,1,10,no,,,,,,1
Lelmokwo/Ngechek,81,male,11,1,no,,,,,,1
Kabisaga,82,male,6,6,yes,1,0,yes,no,no,1
Ndalat,83,female,1,2,yes,2,0,yes,no,no,1
Kabisaga,84,male,4,4,yes,4,0,yes,yes,no,1
Lelmokwo/Ngechek,85,male,1,4,no,,,,,,1
Kabisaga,86,male,2,6,yes,2,0,no,,no,1
Lelmokwo/Ngechek,87,male,1,4,yes,1,0,no,,no,1
Ndalat,88,female,1,3,yes,2,1,no,,no,0
Lelmokwo/Ngechek,89,male,1,5,no,,,,,,0
Ndalat,90,male,2,5,yes,1,0,yes,no,no,1
Ndalat,91,male,1,6,no,,,,,,1
Kabisaga,92,male,5,5,yes,2,0,yes,no,no,1
Kabisaga,93,male,2,12,yes,2,0,no,,no,1
Ndalat,94,female,1,6,no,,,,,,1
Lelmokwo/Ngechek,95,female,1,7,no,,,,,,0
Kabisaga,96,female,1,8,yes,1,0,no,,no,1
Kabisaga,97,male,6,6,yes,1,0,yes,no,no,1
Ndalat,98,male,1,5,no,,,,,,1
Lelmokwo/Ngechek,99,female,1,6,no,,,,,,1
Kabisaga,100,male,1,6,no,,,,,,1
Kabisaga,101,male,3,3,yes,3,0,yes,no,no,1
Ndalat,102,male,3,15,yes,6,1,yes,no,no,1
Ndalat,103,male,1,6,yes,7,0,yes,no,yes,1
Lelmokwo/Ngechek,104,male,2,8,yes,2,1,yes,no,no,1
Kabisaga,105,male,1,5,no,,,,,,1
Ndalat,106,female,6,2,yes,1,1,yes,no,no,1
Lelmokwo/Ngechek,107,male,2,9,no,,,,,,1
Ndalat,108,male,1,6,yes,2,1,yes,no,no,1
Lelmokwo/Ngechek,109,male,4,30,yes,1,0,yes,no,yes,1
Kabisaga,110,male,1,6,yes,1,0,yes,no,yes,1
Kabisaga,111,female,3,3,yes,4,0,,,,1
Ndalat,112,male,1,2,no,,,,,,1
Ndalat,113,male,3,2,yes,1,0,yes,no,no,1
Kabisaga,114,male,2,7,no,,,,,,1
Lelmokwo/Ngechek,115,male,1,5,yes,7,0,yes,no,no,0
Kabisaga,116,male,1,6,yes,2,0,no,,yes,1
Ndalat,117,male,1,5,yes,2,0,yes,no,no,0
Kabisaga,118,male,2,2,no,,,,,,0
Ndalat,119,male,1,6,yes,3,0,yes,no,yes,1
Ndalat,120,female,1,5,no,,,,,,1
Lelmokwo/Ngechek,121,male,1,4,yes,2,0,yes,no,no,1
Lelmokwo/Ngechek,122,female,3,12,yes,1,0,yes,no,yes,0
Kabisaga,123,female,1,4,yes,7,0,yes,no,yes,1
Kabisaga,124,male,4,4,no,,,,,,1
Ndalat,125,male,1,5,no,,,,,,1
Kabisaga,126,male,1,7,yes,1,0,yes,no,no,1
Kabisaga,127,female,1,8,no,,,,,,1
Kabisaga,128,male,4,4,yes,4,1,yes,no,no,1
Lelmokwo/Ngechek,129,female,1,3,yes,2,0,yes,no,no,1
Ndalat,130,female,1,5,yes,1,0,yes,no,no,0
Ndalat,131,male,1,7,yes,2,0,yes,no,no,1
Ndalat,132,male,2,5,yes,2,0,yes,no,no,1
Kabisaga,133,male,1,7,yes,1,0,yes,yes,no,1
Kabisaga,134,male,2,8,yes,1,0,yes,no,no,1
Ndalat,135,male,1,3,yes,2,0,yes,no,no,0
Kabisaga,136,female,7,7,yes,3,0,yes,no,no,0
Lelmokwo/Ngechek,137,male,1,4,no,,,,,,1
Ndalat,138,male,1,7,yes,1,0,yes,no,no,1
Kabisaga,139,male,1,8,yes,2,1,no,,no,1
Kabisaga,140,male,4,4,yes,1,0,yes,no,no,1
Kabisaga,141,male,7,7,yes,1,0,yes,yes,yes,1
Lelmokwo/Ngechek,142,male,1,6,no,,,,,,1
Kabisaga,143,male,1,3,no,,,,,,1
Kabisaga,144,female,2,12,no,,,,,,1
Kabisaga,145,male,4,4,no,,,,,,1
Kabisaga,146,female,2,2,no,,,,,,1
Kabisaga,147,female,2,2,yes,1,0,yes,no,no,1
Kabisaga,148,male,1,7,yes,5,1,yes,yes,no,1
Kabisaga,149,male,5,5,yes,2,0,yes,no,no,1
Kabisaga,150,male,4,4,yes,2,0,yes,no,no,1
Kabisaga,151,female,1,3,yes,1,0,no,,no,1
Kiptuiya,152,male,1,7,no,,,,,,1
Kiptuiya,153,male,1,4,no,,,,,,1
Kiptuiya,154,female,2,8,no,,,,,,1
Kiptuiya,155,male,1,9,no,,,,,,1
Kiptuiya,156,female,2,4,no,,,,,,0
Kiptuiya,157,male,2,4,yes,1,1,yes,no,no,0
Kiptuiya,158,female,1,7,yes,1,0,yes,no,yes,1
Sangalo,159,male,3,12,yes,4,0,yes,no,no,1
Sangalo,160,male,2,5,no,,,,,,1
Kiptuiya,161,female,2,10,yes,8,0,yes,no,yes,0
Kiptuiya,162,male,2,10,no,,,,,,0
Kiptuiya,163,female,1,3,no,,,,,,1
Kiptuiya,164,male,6,6,yes,4,1,yes,yes,yes,1
Sangalo,165,male,2,2,yes,2,1,yes,no,yes,1
Sangalo,166,female,2,9,yes,1,0,no,,no,1
Kiptuiya,167,female,1,7,no,,,,,,1
Kiptuiya,168,female,2,8,no,,,,,,1
Kiptuiya,169,male,4,4,yes,3,0,yes,yes,yes,0
Sangalo,170,male,5,30,yes,3,0,yes,no,yes,0
Sangalo,171,female,1,1,no,,,,,,1
Kiptuiya,172,female,1,8,no,,,,,,0
Kiptuiya,173,male,2,5,no,,,,,,1
Kiptuiya,174,female,3,3,no,,,,,,0
Sangalo,175,male,3,8,no,,,,,,1
Sangalo,176,female,2,15,no,,,,,,1
Kiptuiya,177,female,6,20,yes,5,0,yes,no,no,1
Kiptuiya,178,male,1,4,yes,2,0,yes,no,yes,1
Sangalo,179,male,1,11,yes,3,0,yes,no,no,1
Kiptuiya,180,male,2,8,no,,,,,,1
Sangalo,181,male,1,4,no,,,,,,1
Sangalo,182,male,2,5,no,,,,,,1
Sangalo,183,male,2,12,yes,1,0,yes,no,no,0
Kiptuiya,184,female,2,5,yes,1,0,yes,no,yes,1
Sangalo,185,female,4,10,yes,2,1,no,,yes,1
Kiptuiya,186,female,1,9,yes,2,0,yes,no,yes,1
Sangalo,187,male,1,9,no,,,,,,0
Kiptuiya,188,female,1,7,no,,,,,,1
Kiptuiya,189,female,2,39,no,,,,,,0
Sangalo,190,male,2,6,no,,,,,,1
Sangalo,191,male,1,8,yes,2,0,yes,no,no,0
Chepterwai,192,female,1,7,no,,,,,,1
Kiptuiya,193,male,2,12,no,,,,,,1
Kiptuiya,194,male,1,4,yes,1,0,yes,yes,yes,0
Sangalo,195,male,2,6,yes,1,0,yes,no,no,1
Sangalo,196,male,1,8,yes,3,0,yes,no,no,1
Chepterwai,197,male,1,7,yes,2,0,no,,no,0
Kiptuiya,198,male,1,4,no,,,,,,0
Kiptuiya,199,female,1,2,no,,,,,,1
Sangalo,200,male,4,12,yes,5,0,no,,yes,1
Chepterwai,201,female,1,5,yes,2,0,yes,no,no,1
Sangalo,202,male,1,7,no,,,,,,1
Chepterwai,203,female,1,2,no,,,,,,1
Sangalo,204,male,1,4,yes,2,0,yes,no,no,1
Kiptuiya,205,male,1,4,yes,1,0,yes,yes,no,1
Sangalo,206,male,2,6,yes,1,0,yes,no,no,1
Chepterwai,207,male,1,5,no,,,,,,1
Kiptuiya,208,male,1,4,no,,,,,,1
Chepterwai,209,female,2,2,no,,,,,,1
Chepterwai,210,female,1,4,no,,,,,,1
Sangalo,211,female,3,16,yes,2,0,no,,no,1
Kiptuiya,212,female,2,8,yes,6,0,yes,no,yes,1
Sangalo,213,male,5,6,no,,,,,,0
Sangalo,214,male,1,4,yes,2,0,yes,no,no,1
Kiptuiya,215,male,1,3,yes,1,1,yes,yes,yes,1
Chepterwai,216,male,1,6,yes,1,0,yes,no,no,1
Chepterwai,217,male,2,5,yes,2,1,yes,no,no,1
Sangalo,218,female,2,9,no,,,,,,1
Sangalo,219,male,1,7,yes,2,1,yes,no,no,1
Kiptuiya,220,female,2,13,no,,,,,,0
Kiptuiya,221,female,3,6,yes,4,1,yes,no,no,1
Chepterwai,222,male,1,5,yes,1,1,yes,no,no,1
Sangalo,223,male,1,6,yes,1,0,yes,no,no,0
Chepterwai,224,female,1,4,no,,,,,,1
Sangalo,225,male,3,5,no,,,,,,1
Kiptuiya,226,female,1,4,no,,,,,,1
Sangalo,227,male,2,5,yes,4,0,yes,yes,yes,1
Chepterwai,228,male,1,4,no,,,,,,1
Sangalo,229,male,1,6,no,,,,,,1
Kiptuiya,230,male,1,6,yes,2,1,yes,yes,no,1
Chepterwai,231,female,1,3,yes,1,1,yes,no,yes,1
Kiptuiya,232,female,1,3,no,,,,,,1
Sangalo,233,male,1,5,no,,,,,,1
Chepterwai,234,male,2,5,yes,4,0,yes,no,no,1
Chepterwai,235,male,1,4,no,,,,,,1
Kiptuiya,236,female,1,4,no,,,,,,0
Kiptuiya,237,male,2,10,no,,,,,,1
Kiptuiya,238,female,1,2,no,,,,,,1
Chepterwai,239,male,1,8,no,,,,,,1
Chepterwai,240,male,1,7,no,,,,,,1
Sangalo,241,female,6,17,yes,7,0,yes,no,no,1
Chepterwai,242,male,2,6,yes,1,0,yes,no,yes,1
Sangalo,243,male,1,5,no,,,,,,1
Chepterwai,244,male,1,5,no,,,,,,1
Sangalo,245,female,1,6,yes,1,0,yes,no,no,1
Kiptuiya,246,male,2,11,yes,1,0,yes,no,yes,1
Chepterwai,247,male,2,3,yes,1,1,yes,no,no,1
Kiptuiya,248,male,1,8,yes,1,0,yes,no,no,1
Kiptuiya,249,male,1,9,yes,3,0,yes,no,no,1
Chepterwai,250,female,1,8,yes,2,0,yes,no,no,1
Chepterwai,251,male,3,9,yes,2,0,yes,no,no,1
Chepterwai,252,female,2,3,no,,,,,,1
Kiptuiya,253,male,1,9,no,,,,,,1
Sangalo,254,male,3,8,yes,2,0,no,,yes,1
Sangalo,255,male,1,8,yes,6,1,yes,no,no,1
Sangalo,256,male,1,9,no,,,,,,1
Chepterwai,257,male,1,4,no,,,,,,1
Chepterwai,258,male,2,7,no,,,,,,1
Kiptuiya,259,male,1,3,no,,,,,,1
Chepterwai,260,male,1,5,yes,1,0,yes,no,no,1
Kiptuiya,261,female,1,8,no,,,,,,1
Chepterwai,262,female,1,5,yes,2,1,yes,no,no,0
Sangalo,263,male,2,4,yes,3,0,no,,no,1
Sangalo,264,male,4,20,yes,1,0,no,,no,1
Chepterwai,265,male,1,5,no,,,,,,1
Sangalo,266,male,1,5,no,,,,,,1
Chepterwai,267,male,2,6,no,,,,,,1
Chepterwai,268,male,1,7,no,,,,,,1
Kiptuiya,269,female,5,5,no,,,,,,1
Sangalo,270,male,1,5,yes,1,0,yes,no,no,1
Chepterwai,271,female,3,5,yes,1,0,yes,no,no,0
Sangalo,272,male,2,4,no,,,,,,1
Chepterwai,273,male,1,6,no,,,,,,1
Kiptuiya,274,male,2,3,no,,,,,,1
Sangalo,275,male,3,13,yes,2,0,no,,no,1
Sangalo,276,male,2,12,no,,,,,,1
Chepterwai,277,female,3,6,yes,3,1,yes,no,no,1
Sangalo,278,male,2,5,no,,,,,,1
Chepterwai,279,male,1,4,no,,,,,,1
Sangalo,280,male,1,3,no,,,,,,1
Chepterwai,281,male,2,3,no,,,,,,1
Kiptuiya,282,male,1,7,no,,,,,,1
Sangalo,283,male,3,9,yes,2,0,no,,yes,1
Kiptuiya,284,male,1,7,no,,,,,,0
Chepterwai,285,male,3,5,yes,1,0,yes,no,no,1
Chepterwai,286,female,2,6,yes,3,0,yes,no,no,1
Kiptuiya,287,female,1,6,no,,,,,,0
Sangalo,288,male,2,6,yes,2,0,yes,no,no,1
Sangalo,289,female,1,7,no,,,,,,1
Chepterwai,290,male,1,4,no,,,,,,1
Sangalo,291,male,2,10,yes,1,0,no,,yes,1
Chepterwai,292,male,1,6,no,,,,,,1
Kiptuiya,293,female,1,4,yes,2,0,yes,no,no,0
Sangalo,294,male,3,12,yes,2,0,yes,no,no,0
Chepterwai,295,female,2,6,yes,2,1,yes,yes,yes,1
Sangalo,296,male,2,3,no,,,,,,1
Kiptuiya,297,female,1,8,yes,1,0,yes,yes,yes,1
Chepterwai,298,female,3,2,no,,,,,,1
Chepterwai,299,male,1,7,yes,4,0,yes,no,no,1
Sangalo,300,male,2,9,no,,,,,,1
Sangalo,301,male,1,7,yes,1,1,yes,yes,no,1
Chepterwai,302,female,2,5,no,,,,,,1
Kiptuiya,303,female,1,2,no,,,,,,1
Sangalo,304,female,1,3,no,,,,,,1
Chepterwai,305,male,1,6,yes,1,0,yes,no,no,1
Chepterwai,306,male,1,8,yes,5,0,yes,no,no,1
Chepterwai,307,male,1,2,no,,,,,,1
Sangalo,308,female,7,32,yes,6,0,yes,no,no,1
Kiptuiya,309,male,2,8,no,,,,,,1
Kiptuiya,310,male,1,3,no,,,,,,1
Sangalo,311,male,1,5,yes,1,0,yes,no,no,1
Sangalo,312,female,2,9,yes,2,0,yes,no,yes,1
Chepterwai,313,male,1,8,no,,,,,,1
Sangalo,314,female,1,4,yes,2,1,yes,no,no,1
Kiptuiya,315,female,1,12,yes,3,0,no,,yes,0
Chepterwai,316,male,2,4,no,,,,,,1
Kiptuiya,317,male,2,5,no,,,,,,0
Sangalo,318,male,2,8,no,,,,,,0
Chepterwai,319,male,1,2,yes,1,0,no,,no,1
Chepterwai,320,female,2,15,yes,6,0,yes,no,no,1
Chepterwai,321,female,1,6,yes,2,0,yes,no,yes,0
Sangalo,322,male,3,4,yes,1,1,yes,no,no,1
Kiptuiya,323,male,1,7,no,,,,,,1
Chepterwai,324,female,1,1,yes,1,1,no,,no,1
Sangalo,325,male,3,13,yes,1,0,yes,no,no,1
Sangalo,326,male,3,12,yes,3,0,no,,no,0
Chepterwai,327,female,2,6,yes,1,0,no,,no,1
Kiptuiya,328,male,3,13,yes,10,1,yes,no,no,1
Chepterwai,329,female,1,7,yes,2,0,no,,no,1
Chepterwai,330,female,1,5,no,,,,,,1
Sangalo,331,male,2,5,no,,,,,,1
Sangalo,332,male,3,20,yes,2,0,yes,no,yes,1
Kiptuiya,333,female,1,7,yes,2,0,yes,no,yes,1
Kiptuiya,334,male,1,7,yes,2,1,yes,no,no,1
Sangalo,335,male,1,4,yes,1,0,yes,no,no,1
Chepterwai,336,female,1,3,yes,2,0,yes,yes,yes,0
Sangalo,337,male,1,3,no,,,,,,1
Sangalo,338,male,4,12,yes,2,0,no,,no,1
Kiptuiya,339,male,3,7,yes,1,1,yes,no,no,1
Chepterwai,340,female,2,5,yes,1,0,yes,no,no,1
Chepterwai,341,male,1,3,no,,,,,,1
Sangalo,342,male,4,12,yes,2,0,yes,no,yes,1
Sangalo,343,male,1,4,yes,1,0,yes,no,no,1
Sangalo,344,female,1,4,no,,,,,,1
Sangalo,345,female,1,7,no,,,,,,1
Kiptuiya,346,female,1,3,no,,,,,,0
Kiptuiya,347,male,1,5,yes,1,0,yes,no,yes,1
Kiptuiya,348,male,2,10,no,,,,,,1
Sangalo,349,male,2,12,yes,1,0,no,,no,1
Chepterwai,350,male,4,9,yes,3,0,yes,no,no,1
Kiptuiya,351,female,3,10,no,,,,,,0
Sangalo,352,male,1,8,yes,1,0,yes,no,yes,1
Sangalo,353,male,1,5,no,,,,,,1
Sangalo,354,female,2,7,no,,,,,,1
Sangalo,355,male,1,7,no,,,,,,1
Chepterwai,356,male,1,5,yes,2,1,yes,no,no,1
Sangalo,357,male,1,6,yes,1,0,yes,no,no,1
Sangalo,358,male,2,8,no,,,,,,1
Chepterwai,359,male,1,7,yes,3,0,yes,no,yes,1
Sangalo,360,female,1,4,no,,,,,,1
Chepterwai,361,male,1,8,no,,,,,,1
Chepterwai,362,male,5,20,yes,8,1,no,,yes,1
Sangalo,363,male,1,4,no,,,,,,0
Chepterwai,364,male,1,8,yes,4,1,yes,no,no,1
Sangalo,365,male,1,5,yes,1,0,yes,no,yes,1
Chepterwai,366,male,1,4,no,,,,,,1
Sangalo,367,male,1,10,no,,,,,,1
Chemelil/Chemase,368,male,1,2,yes,2,0,no,,no,1
Chemelil/Chemase,369,female,1,5,yes,3,0,no,,no,0
Chepkunyuk,370,male,2,5,no,,,,,,1
Chemelil/Chemase,371,male,1,4,yes,1,0,yes,no,no,1
Chemelil/Chemase,372,male,1,6,yes,4,1,yes,no,no,1
Chepkunyuk,373,female,3,4,no,,,,,,1
Chepkunyuk,374,male,1,4,no,,,,,,1
Chemelil/Chemase,375,male,2,8,yes,2,0,no,,no,1
Chemelil/Chemase,376,male,2,7,yes,2,0,yes,no,no,1
Chepkunyuk,377,female,3,4,yes,1,1,yes,no,no,1
Chemelil/Chemase,378,male,1,6,yes,7,1,yes,no,no,0
Chemelil/Chemase,379,female,1,1,no,,,,,,0
Chemelil/Chemase,380,male,3,13,no,,,,,,0
Chepkunyuk,381,male,4,4,yes,1,0,no,,no,1
Chemelil/Chemase,382,male,2,5,no,,,,,,0
Chemelil/Chemase,383,female,5,5,yes,2,1,yes,no,no,1
Chemelil/Chemase,384,male,2,7,yes,3,1,yes,no,no,1
Chemelil/Chemase,385,male,1,4,yes,1,0,yes,no,no,1
Chepkunyuk,386,male,4,8,yes,1,0,yes,no,no,1
Chemelil/Chemase,387,female,1,6,yes,1,0,no,,no,1
Chemelil/Chemase,388,female,8,8,yes,3,0,no,,no,0
Chemelil/Chemase,389,female,1,4,no,,,,,,1
Chepkunyuk,390,male,2,5,no,,,,,,1
Chemelil/Chemase,391,female,1,6,yes,1,0,no,,no,1
Chepkunyuk,392,male,1,7,yes,3,0,yes,no,yes,0
Chemelil/Chemase,393,male,1,8,no,,,,,,1
Chepkunyuk,394,male,1,5,no,,,,,,1
Chepkunyuk,395,female,5,22,yes,2,0,,,,1
Chemelil/Chemase,396,male,2,10,yes,2,0,yes,no,no,1
Chemelil/Chemase,397,male,6,6,yes,5,1,yes,no,no,1
Chepkunyuk,398,male,1,7,yes,1,,yes,yes,no,1
Chepkunyuk,399,male,3,4,yes,1,1,yes,no,no,1
Chepkunyuk,400,female,1,1,no,,,,,,1
Chemelil/Chemase,401,male,1,9,yes,1,0,no,,no,1
Chemelil/Chemase,402,male,2,5,yes,1,0,,,no,1
Chemelil/Chemase,403,male,1,4,no,,,,,,1
Chepkunyuk,404,male,2,5,no,,,,,,1
Chepkunyuk,405,male,2,5,yes,2,1,yes,no,no,1
Chepkunyuk,406,male,2,13,yes,2,0,yes,no,yes,1
Chemelil/Chemase,407,male,2,6,yes,3,1,no,,no,1
Chepkunyuk,408,male,2,6,yes,1,1,yes,no,no,1
Chepkunyuk,409,male,2,13,yes,3,0,yes,no,yes,1
Chemelil/Chemase,410,female,7,7,yes,5,1,yes,no,no,1
Ollessos,411,male,2,9,yes,1,0,yes,no,no,1
Chepkunyuk,412,female,2,5,no,,,,,,1
Chemelil/Chemase,413,male,1,5,yes,2,0,no,,no,0
Chemelil/Chemase,414,male,1,3,no,,,,,,1
Ollessos,415,male,1,9,no,,,,,,1
Chepkunyuk,416,male,2,2,yes,1,1,no,,no,1
Ollessos,417,male,1,4,no,,,,,,1
Chemelil/Chemase,418,female,1,4,yes,6,1,no,,no,1
Chepkunyuk,419,male,2,6,yes,2,1,yes,yes,yes,1
Chemelil/Chemase,420,male,4,4,yes,1,0,no,,no,1
Chepkunyuk,421,female,4,15,yes,2,1,no,,no,1
Chemelil/Chemase,422,female,2,2,no,,,,,,1
Chepkunyuk,423,male,2,4,no,,,,,,1
Chepkunyuk,424,male,2,5,no,,,,,,1
Chemelil/Chemase,425,male,2,4,no,,,,,,0
Chemelil/Chemase,426,male,6,6,yes,2,0,no,,no,1
Chemelil/Chemase,427,male,1,8,yes,2,0,yes,no,no,1
Chemelil/Chemase,428,male,2,8,yes,1,0,no,,no,1
Ollessos,429,male,1,4,yes,2,1,yes,no,no,1
Chepkunyuk,430,male,2,5,yes,1,1,yes,no,no,1
Ollessos,431,male,1,6,no,,,,,,1
Chepkunyuk,432,female,2,5,no,,,,,,1
Chepkunyuk,433,male,1,6,yes,1,0,yes,no,no,0
Chepkunyuk,434,male,1,6,yes,2,1,yes,yes,yes,1
Chemelil/Chemase,435,male,1,5,yes,4,1,yes,no,yes,1
Chemelil/Chemase,436,male,2,2,no,,,,,,1
Ollessos,437,male,1,4,yes,3,1,yes,no,no,1
Chepkunyuk,438,female,3,2,yes,1,0,yes,no,no,1
Chemelil/Chemase,439,male,1,6,yes,1,0,yes,no,no,0
Chepkunyuk,440,male,1,7,yes,1,1,no,,yes,1
Chemelil/Chemase,441,male,1,7,yes,3,0,no,,no,1
Chepkunyuk,442,female,2,7,yes,1,1,yes,yes,no,1
Chemelil/Chemase,443,male,6,6,yes,5,1,no,,no,1
Ollessos,444,male,1,5,no,,,,,,1
Chepkunyuk,445,male,2,4,no,,,,,,1
Chepkunyuk,446,male,1,9,no,,,,,,1
Ollessos,447,female,1,11,yes,12,0,yes,no,yes,0
Chemelil/Chemase,448,male,1,7,yes,3,0,no,,no,1
Chemelil/Chemase,449,male,1,3,no,,,,,,1
Chepkunyuk,450,male,2,7,yes,1,0,yes,no,no,1
Ollessos,451,male,1,5,no,,,,,,1
Chepkunyuk,452,female,2,8,yes,2,0,yes,no,yes,1
Chemelil/Chemase,453,male,,,yes,3,1,yes,no,no,1
Chepkunyuk,454,female,2,2,no,,,,,,0
Ollessos,455,male,1,5,yes,1,1,yes,no,no,1
Chemelil/Chemase,456,female,2,5,yes,6,0,yes,no,no,1
Chepkunyuk,457,male,1,7,no,,,,,,0
Ollessos,458,male,1,5,no,,,,,,1
Chemelil/Chemase,459,female,1,4,no,,,,,,1
Chemelil/Chemase,460,female,1,6,yes,1,0,no,,no,1
Chepkunyuk,461,male,2,7,no,,,,,,1
Chepkunyuk,462,male,2,7,no,,,,,,1
Chepkunyuk,463,female,2,3,no,,,,,,1
Chemelil/Chemase,464,male,2,7,yes,2,0,no,,no,1
Ollessos,465,male,1,5,no,,,,,,1
Chepkunyuk,466,female,2,4,yes,1,0,yes,no,no,1
Chepkunyuk,467,female,2,5,no,,,,,,1
Chemelil/Chemase,468,female,2,5,yes,1,0,no,,no,0
Chemelil/Chemase,469,male,1,4,no,,,,,,1
Chepkunyuk,470,male,1,1,no,,,,,,1
Ollessos,471,male,1,5,no,,,,,,1
Chemelil/Chemase,472,female,10,10,yes,2,0,no,,no,1
Chepkunyuk,473,male,2,7,yes,1,0,yes,no,no,1
Ollessos,474,male,1,5,yes,1,1,yes,no,no,1
Chepkunyuk,475,female,2,4,no,,,,,,1
Chemelil/Chemase,476,male,1,7,yes,1,1,yes,no,no,1
Chemelil/Chemase,477,female,2,16,yes,2,0,no,,no,1
Chepkunyuk,478,male,4,17,yes,6,0,no,,no,1
Chepkunyuk,479,male,2,2,yes,1,0,yes,no,no,0
Chemelil/Chemase,480,female,1,8,yes,2,0,no,,no,1
Chepkunyuk,481,male,3,6,yes,1,0,yes,no,no,1
Chemelil/Chemase,482,female,7,7,yes,1,0,no,,no,1
Ollessos,483,male,4,5,yes,3,1,yes,yes,yes,1
Chemelil/Chemase,484,female,2,3,no,,,,,,1
Chepkunyuk,485,male,2,7,yes,2,0,no,,no,1
Chemelil/Chemase,486,male,2,3,no,,,,,,1
Ollessos,487,male,1,4,no,,,,,,1
Chepkunyuk,488,female,5,24,yes,2,0,no,,no,1
Ollessos,489,male,1,9,yes,1,1,yes,no,no,0
Chemelil/Chemase,490,male,3,3,yes,1,0,no,,no,1
Chemelil/Chemase,491,male,1,7,no,,,,,,1
Chepkunyuk,492,female,1,4,yes,2,0,yes,no,no,1
Chemelil/Chemase,493,male,1,5,no,,,,,,1
Chemelil/Chemase,494,male,6,6,yes,3,0,no,,no,1
Chepkunyuk,495,male,2,7,no,,,,,,1
Ollessos,496,male,2,8,no,,,,,,1
Chepkunyuk,497,female,2,5,no,,,,,,1
Ollessos,498,male,1,4,yes,2,0,yes,no,no,1
Chemelil/Chemase,499,female,5,5,yes,4,0,no,,no,1
Chemelil/Chemase,500,male,1,10,no,,,,,,0
Chepkunyuk,501,male,1,6,no,,,,,,1
Chemelil/Chemase,502,female,2,4,no,,,,,,1
Chemelil/Chemase,503,male,1,6,yes,3,0,no,,no,1
Chepkunyuk,504,male,2,5,yes,1,0,yes,no,yes,1
Ollessos,505,female,2,7,yes,7,0,no,,no,0
Chemelil/Chemase,506,female,3,2,no,,,,,,1
Chemelil/Chemase,507,male,1,8,no,,,,,,0
Chepkunyuk,508,male,1,2,no,,,,,,1
Chepkunyuk,509,male,3,6,yes,1,1,yes,no,yes,1
Chepkunyuk,510,male,2,5,no,,,,,,1
Chemelil/Chemase,511,female,7,4,yes,3,1,no,,no,1
Chepkunyuk,512,female,2,16,no,,,,,,1
Ollessos,513,male,1,4,yes,1,0,yes,no,no,1
Chemelil/Chemase,514,male,2,7,yes,2,0,yes,no,no,1
Chepkunyuk,515,male,2,4,no,,,,,,1
Chepkunyuk,516,male,2,9,yes,2,1,yes,no,no,1
Chemelil/Chemase,517,female,1,4,yes,3,0,no,,no,1
Chemelil/Chemase,518,female,1,1,no,,,,,,1
Chepkunyuk,519,male,2,17,yes,2,1,no,,no,1
Chepkunyuk,520,male,3,9,yes,5,0,yes,no,no,1
Chemelil/Chemase,521,female,7,7,yes,1,1,yes,no,no,1
Chepkunyuk,522,male,1,10,no,,,,,,1
Ollessos,523,male,,6,no,,,,,,1
Chepkunyuk,524,female,2,7,yes,1,0,no,,no,1
Chepkunyuk,525,male,1,3,no,,,,,,1
Chepkunyuk,526,male,4,20,no,,,,,,1
Ollessos,527,male,1,6,yes,3,1,yes,no,yes,1
Chemelil/Chemase,528,male,1,9,yes,5,0,yes,yes,no,1
Chepkunyuk,529,male,1,2,yes,3,1,yes,no,yes,1
Chemelil/Chemase,530,male,1,5,no,,,,,,1
Chemelil/Chemase,531,male,6,4,yes,1,,no,,no,1
Chepkunyuk,532,female,2,5,yes,2,1,yes,no,no,1
Chepkunyuk,533,male,2,5,yes,3,0,yes,no,no,1
Chemelil/Chemase,534,female,1,3,no,,,,,,1
Ollessos,535,female,2,6,no,,,,,,1
Chepkunyuk,536,male,1,4,yes,2,1,yes,no,no,1
Chepkunyuk,537,male,2,8,no,,,,,,1
Chemelil/Chemase,538,male,1,1,no,,,,,,1
Chemelil/Chemase,539,male,1,9,yes,2,0,no,,no,1
Ollessos,540,female,1,4,yes,3,0,yes,no,no,1
Chemelil/Chemase,541,female,4,4,yes,1,0,yes,no,no,1
Chepkunyuk,542,male,4,25,yes,5,0,yes,no,yes,1
Ollessos,543,female,1,9,yes,1,0,yes,no,no,1
Chepkunyuk,544,female,1,1,yes,1,1,yes,no,no,1
Chemelil/Chemase,545,male,1,2,no,,,,,,1
Chepkunyuk,546,male,2,1,no,,,,,,1
Chemelil/Chemase,547,male,6,6,yes,1,0,yes,yes,no,1
Chepkunyuk,548,male,3,4,no,,,,,,1
Ollessos,549,male,1,1,no,,,,,,1
Chemelil/Chemase,550,male,2,4,yes,1,1,yes,no,no,1
Chepkunyuk,551,male,1,9,yes,1,0,yes,no,yes,1
Chemelil/Chemase,552,male,3,3,yes,1,0,yes,no,no,1
Chepkunyuk,553,female,2,5,no,,,,,,1
Chepkunyuk,554,female,1,6,no,,,,,,1
Chepkunyuk,555,male,3,4,yes,1,1,yes,no,no,1
Ollessos,556,female,1,6,no,,,,,,1
Chemelil/Chemase,557,female,1,9,yes,3,0,no,,no,0
Chepkunyuk,558,female,3,9,no,,,,,,0
Chepkunyuk,559,male,4,12,yes,1,1,yes,no,yes,1
Chepkunyuk,560,male,1,4,no,,,,,,1
Chepkunyuk,561,male,1,5,no,,,,,,1
Chepkunyuk,562,male,5,12,yes,1,1,no,,no,1
Chemelil/Chemase,563,female,3,3,no,,,,,,0
Chepkunyuk,564,male,1,6,no,,,,,,1
Chepkunyuk,565,male,2,5,yes,1,1,no,,no,1
Chemelil/Chemase,566,male,1,12,no,,,,,,1
Chepkunyuk,567,male,2,5,yes,9,1,yes,no,no,1
Ollessos,568,female,3,6,yes,5,0,yes,no,yes,1
Chepkunyuk,569,male,6,23,no,,,,,,1
Chepkunyuk,570,male,2,4,yes,1,0,yes,no,no,1
Chepkunyuk,571,male,1,6,yes,2,1,yes,no,no,1
Chepkunyuk,572,female,1,9,no,,,,,,0
Chepkunyuk,573,male,3,16,yes,1,1,no,,no,1
Chepkunyuk,574,female,1,8,no,,,,,,1
Chepkunyuk,575,female,2,9,yes,3,0,yes,no,no,0
Chepkunyuk,576,female,4,17,no,,,,,,1
Chepkunyuk,577,male,1,5,yes,1,0,no,,no,1
Chepkunyuk,578,female,3,20,yes,1,0,no,,no,1
Chepkunyuk,579,male,2,9,yes,1,0,no,,no,1
Chepkunyuk,580,male,2,16,yes,1,1,no,,no,1